{"GARCH(1,1)": {"Log-Likelihood": -4537.117696075051, "AIC": 9082.235392150102, "BIC": 9102.504671544715, "Volatility_Forecast_MAE": 37.67019786817021, "Volatility_Forecast_RMSE": 44.16058407934361, "Volatility_Forecast_MAPE": Infinity}}