{"GARCH(1,1)": {"Log-Likelihood": -5018.725184341471, "AIC": 10045.450368682941, "BIC": 10066.143135652888}}