{"SARIMA (Tuned)": {"MAE": 0.7988613546566415, "RMSE": 2.51389782494208, "MAPE": 16.141396118070293}, "Random Forest (Tuned)": {"MAE": 0.3969996858922311, "RMSE": 2.0091456411209045, "MAPE": 5.745239931818722}, "XGBoost (Tuned)": {"MAE": 0.44224349380941946, "RMSE": 2.071611045817551, "MAPE": 6.914142411187278}, "LSTM (Tuned)": {"MAE": 0.39625953473623504, "RMSE": 1.8430451850380472, "MAPE": 6.092601176651393}}